District,Taluk,Grampanchayat,Standardoflivingindex,Healthindex,Educationindex,HDI
Bengaluru Urban,Bengaluru North,Srikantapura,0.4731,0.9758,0.6922,0.6837
Uttara Kannada,Karwar,Amdalli,0.4039,1,0.7872,0.6825
Dakshina Kannada,Mangaluru,Haleyangady,0.4098,1.4098,2.4098,0.6801
Dakshina Kannada,Mangaluru,Mennabettu,0.3848,1,0.7769,0.6686
Bengaluru Urban,Bengaluru North,Gopalapura,0.4044,1,0.7336,0.667
Dakshina Kannada,Mangaluru,Amblamogru,0.4166,0.9758,0.728,0.6664
Bengaluru Urban,Bengaluru North,Arekere,0.4285,0.9758,0.7055,0.6657
Bengaluru Urban,Bengaluru North,Shivakotte,0.4186,1,0.6813,0.6582
Bengaluru Urban,Bengaluru North,Kasagattapura,0.3901,0.9758,0.7486,0.6581
Bengaluru Urban,Bengaluru North,Kodigehalli,0.4333,0.9758,0.673,0.6577
Dakshina Kannada,Mangaluru,Aikala,0.3773,1,0.7526,0.6573
Bengaluru Urban,Bengaluru South,Chikkanahalli,0.3981,0.9758,0.7237,0.6551
Bengaluru Urban,Bengaluru North,Sondekoppa,0.388,1,0.7243,0.655
Dakshina Kannada,Mangaluru,Daregudde,0.3978,1,0.7051,0.6546
Dakshina Kannada,Mangaluru,Hosabettu,0.3951,0.9758,0.725,0.6538
Bengaluru Urban,Bengaluru North,Hurulichikkanahalli,0.3986,1,0.6992,0.6532
Bengaluru Urban,Bengaluru North,Vaderahalli (Doddabettahalli),0.3966,0.9758,0.7199,0.6531
Bengaluru Urban,Bengaluru North,Madavara,0.3533,1,0.7872,0.6527
Dakshina Kannada,Mangaluru,Surinje,0.3876,0.951,0.7521,0.652
Bengaluru Urban,Bengaluru North,Satanuru,0.4016,1,0.6885,0.6515
Bengaluru Urban,Bengaluru North,Singanayakanahalli,0.3943,1,0.6958,0.6498
Bengaluru Urban,Bengaluru South,Konappanaagrahara,0.3533,1,0.7742,0.6492
Bengaluru Urban,Bengaluru North,Bettahalasooru,0.3767,1,0.7208,0.6476
Dakshina Kannada,Mangaluru,Permude,0.3733,0.9758,0.7435,0.647
Bengaluru Urban,Bengaluru North,Sonnappanahalli,0.4086,1,0.6617,0.6466
Dakshina Kannada,Mangaluru,Chelairu,0.3615,1,0.7466,0.6462
Bengaluru Urban,Bengaluru North,Adakamaranahalli,0.4142,1,0.6506,0.6459
Dakshina Kannada,Mangaluru,Malavuru,0.3705,1,0.7241,0.645
Bengaluru Urban,Bengaluru North,Machohalli,0.3666,1,0.7283,0.6439
Bengaluru Urban,Bengaluru North,Doddajala,0.3923,1,0.6786,0.6433
Bengaluru Urban,Bengaluru South,Thaverekere,0.3543,1,0.7506,0.6431
Bengaluru Urban,Bengaluru North,Hunsamaranahalli,0.3677,1,0.7229,0.643
Bengaluru Urban,Bengaluru North,Bagalur,0.355,1,0.7457,0.6421
Dakshina Kannada,Mangaluru,Athikaribettu,0.3438,1,0.7696,0.642
Dakshina Kannada,Mangaluru,Beluvai,0.402,0.9255,0.7094,0.6414
Dakshina Kannada,Mangaluru,Badaga-edapadavu,0.3842,0.9758,0.7034,0.6413
Bengaluru Urban,Bengaluru South,Nelaguli,0.3992,0.951,0.6908,0.6401
Dakshina Kannada,Mangaluru,Putthige,0.3818,0.9758,0.7018,0.6395
Uttara Kannada,Karwar,Asnoti,0.3431,1,0.762,0.6394
Bengaluru Urban,Bengaluru North,Huskuru,0.4229,0.8578,0.7195,0.6391
Dakshina Kannada,Mangaluru,Kilpady,0.344,1,0.7582,0.6389
Bengaluru Urban,Bengaluru North,Bandikodagehalli,0.4032,0.9255,0.6943,0.6375
Dakshina Kannada,Mangaluru,Paduperar,0.3404,1,0.7543,0.6356
Dakshina Kannada,Mangaluru,Yedapadav,0.3572,0.9758,0.7293,0.6335
Bengaluru Urban,Bengaluru South,Taralu,0.3729,1,0.6804,0.633
Bengaluru Urban,Bengaluru North,Madanayakanahalli,0.4041,1,0.6275,0.6329
Dakshina Kannada,Mangaluru,Ualibettu,0.3497,1,0.722,0.632
Bengaluru Urban,Anekal,Mantapa,0.2822,1,0.8928,0.6316
Bengaluru Urban,Bengaluru East,Doddabanahalli,0.3293,1,0.7648,0.6315
Dakshina Kannada,Mangaluru,Kemral,0.338,0.9758,0.7602,0.6305
Dakshina Kannada,Mangaluru,Nellikaru,0.3652,0.9758,0.7034,0.6305
Bengaluru Urban,Bengaluru North,Dasanapura,0.3739,1,0.6696,0.6303
Bengaluru Urban,Bengaluru North,Kadabagere,0.3687,1,0.679,0.6302
Dakshina Kannada,Mangaluru,Balkunje,0.3311,1,0.7556,0.6301
Bengaluru Urban,Bengaluru North,Meenukunte (Hutthanahalli),0.3822,1,0.6479,0.628
Udupi,Udupi,Udyavara,0.3267,1,0.756,0.6274
Dakshina Kannada,Mangaluru,Kinya,0.3396,1,0.7253,0.6269
Bengaluru Urban,Bengaluru South,Somanahalli,0.3325,1,0.7407,0.6268
Bengaluru Urban,Bengaluru North,Alur,0.3669,1,0.6708,0.6267
Dakshina Kannada,Mangaluru,Padupanambur,0.3344,1,0.7359,0.6266
Bengaluru Urban,Bengaluru South,Chunchanakuppe,0.3402,1,0.7221,0.6263
Bengaluru Urban,Bengaluru North,Marenahalli,0.341,1,0.7103,0.6233
Bengaluru Urban,Bengaluru South,K.Gollahalli,0.3349,1,0.7212,0.6228
Dakshina Kannada,Mangaluru,Valwadi,0.3762,0.9758,0.6568,0.6224
Bengaluru Urban,Bengaluru South,Sulikere,0.3355,1,0.7177,0.6222
Dakshina Kannada,Mangaluru,Muchuru,0.3494,0.951,0.7246,0.6221
Udupi,Udupi,Manipura,0.3209,1,0.7477,0.6214
Uttara Kannada,Karwar,Wailwada,0.3069,1,0.7792,0.6207
Dakshina Kannada,Mangaluru,Padumarnad,0.3463,1,0.6878,0.6199
Bengaluru Urban,Bengaluru South,Kumbalagodu,0.3424,1,0.6934,0.6192
Udupi,Kundapura,Molahalli,0.3074,1,0.7723,0.6192
Uttara Kannada,Karwar,Mudgeri,0.3118,1,0.7608,0.619
Dakshina Kannada,Mangaluru,Tenkamijar,0.3569,0.9758,0.68,0.6187
Dakshina Kannada,Mangaluru,Boliyaru,0.3256,1,0.7256,0.6182
Bengaluru Urban,Bengaluru North,Kittanahalli,0.3272,1,0.7219,0.6182
Bengaluru Urban,Bengaluru East,Doddagubbi,0.3275,0.9758,0.7365,0.6174
Dakshina Kannada,Mangaluru,Ganjimata,0.3332,0.9758,0.7236,0.6173
Kodagu,Madikeri,Konanjageri (Perane),0.3055,1,0.7699,0.6173
Bengaluru Urban,Bengaluru East,Avalahalli,0.3317,1,0.7056,0.6163
Udupi,Udupi,Katpaadi,0.3113,1,0.7519,0.6163
Uttara Kannada,Karwar,Majali,0.3072,1,0.7611,0.616
Bengaluru Urban,Bengaluru North,Sonnenahalli,0.331,0.9758,0.7231,0.6158
Dakshina Kannada,Mangaluru,Kondemoola,0.3325,0.951,0.7376,0.6156
Udupi,Udupi,Kemmannu (Thonse),0.3137,1,0.7363,0.6136
Dakshina Kannada,Mangaluru,Shirthady,0.3596,0.9255,0.6936,0.6135
Udupi,Udupi,Perdoor,0.3098,1,0.7436,0.613
Udupi,Udupi,Neelavara,0.3158,0.9758,0.7461,0.6126
Dakshina Kannada,Mangaluru,Malluru,0.3416,0.9758,0.6896,0.6126
Bengaluru Urban,Bengaluru East,Kannuru,0.3173,0.9758,0.7405,0.612
Bengaluru Urban,Bengaluru South,H.Gollahalli,0.3517,1,0.6518,0.612
Kodagu,Madikeri,Nariandada,0.3043,1,0.7527,0.6118
Dakshina Kannada,Mangaluru,Pavuru,0.3144,1,0.7271,0.6114
Bengaluru Urban,Bengaluru North,Somashetti halli (Abbigere ),0.3366,1,0.6789,0.6113
Udupi,Udupi,Shiriyara,0.3317,1,0.6848,0.6102
Bengaluru Urban,Bengaluru North,Gantiganahalli,0.3655,0.879,0.7068,0.6101
Udupi,Kundapura,Ulluru - 74,0.3015,1,0.7523,0.6099
Bengaluru Urban,Bengaluru East,Sheegehalli,0.3422,1,0.6629,0.6099
Bengaluru Urban,Bengaluru South,Choolanayakanahalli,0.3203,1,0.706,0.6093
Udupi,Udupi,Shirva,0.3118,1,0.7235,0.6087
Dakshina Kannada,Mangaluru,Kallamundkur,0.3166,1,0.7117,0.6085
Udupi,Udupi,Nalkur,0.3145,0.9758,0.7339,0.6084
Dakshina Kannada,Mangaluru,Palladka,0.3344,0.9758,0.6883,0.6078
Dakshina Kannada,Mangaluru,Yekkaru,0.3514,0.879,0.7242,0.607
Udupi,Kundapura,Paduvari,0.2927,1,0.7641,0.607
Bengaluru Urban,Anekal,Hulimangala,0.3068,1,0.7275,0.6066
Uttara Kannada,Sirsi,Sadashivalli (Taragodu),0.3037,1,0.7313,0.6056
Dakshina Kannada,Mangaluru,Kandavara,0.3325,0.951,0.7009,0.6051
Dakshina Kannada,Mangaluru,Mutturu,0.305,1,0.7229,0.6042
Udupi,Udupi,Cherkadi,0.3008,1,0.7303,0.6034
Udupi,Udupi,Mudarangadi,0.3045,0.9758,0.7309,0.6011
Udupi,Kundapura,Madamakki,0.2884,1,0.752,0.6009
Udupi,Udupi,Kote,0.2999,1,0.7215,0.6004
Udupi,Udupi,Kadur,0.3102,0.951,0.7321,0.6
Udupi,Udupi,Yadthadi,0.3053,1,0.7061,0.5996
Bengaluru Urban,Anekal,Vanakanahalli,0.2841,1,0.7583,0.5994
Udupi,Karkal,Shivapura,0.2935,1,0.7289,0.5981
Udupi,Udupi,Padubidri,0.2808,1,0.7585,0.5972
Bengaluru Urban,Bengaluru South,mahurgad,0.3214,1,0.6623,0.5971
Udupi,Karkal,Erlapadi,0.2842,1,0.7486,0.597
Bengaluru Urban,Anekal,Mayasandra,0.2954,1,0.7161,0.5958
Bengaluru Urban,Anekal,Kallubalu,0.3074,1,0.684,0.5947
Udupi,Udupi,Heggunje,0.3105,0.9758,0.693,0.5944
Udupi,Udupi,Pandeshwara,0.2882,0.9758,0.7467,0.5944
Bengaluru Urban,Bengaluru East,Kannamangala,0.2615,1,0.803,0.5943
Udupi,Kundapura,Amasbail,0.2781,1,0.7547,0.5943
Dakshina Kannada,Bantval,Meramajalu,0.3031,1,0.6901,0.5936
Bengaluru Urban,Bengaluru North,Rajanukunte,0.3038,1,0.6874,0.5933
Bengaluru Urban,Bengaluru East,Manduru,0.3058,0.9758,0.6996,0.5932
Kodagu,Madikeri,Kanthur Murnad,0.2795,1,0.7459,0.5929
Udupi,Kundapura,Yadthare,0.2809,1,0.742,0.5929
Dakshina Kannada,Mangaluru,Bala,0.278,1,0.7486,0.5926
Shivamogga,Shivamogga,Kumsi,0.2836,1,0.7336,0.5926
Bengaluru Urban,Bengaluru East,Bidarahalli,0.2983,0.9255,0.7519,0.5921
Shivamogga,Hosanagara,Purappemane,0.2629,1,0.789,0.5919
Uttara Kannada,Sirsi,Isloor,0.2837,1,0.7309,0.5919
Bengaluru Urban,Bengaluru South,Doddathoguru,0.2839,1,0.73,0.5918
Udupi,Karkal,Shirlal,0.2981,0.951,0.7307,0.5917
Udupi,Udupi,Aruru (Kunjalu),0.2717,1,0.7608,0.5913
Kodagu,Madikeri,Mekeri,0.2871,0.9758,0.7374,0.5912
Udupi,Karkal,Kanthavara,0.2998,0.9758,0.7042,0.5906
Udupi,Kundapura,Siddapura,0.2728,0.9758,0.7736,0.5906
Udupi,Udupi,Kukkehalli,0.2933,1,0.7021,0.5905
Bengaluru Urban,Bengaluru East,Kodathi,0.3114,1,0.6603,0.5902
Udupi,Udupi,38 Kalathur,0.2922,1,0.7024,0.5899
Udupi,Kundapura,Maravanthe,0.263,1,0.7785,0.5894
Kodagu,Virajpet,Aruvatoklu,0.2759,1,0.7412,0.5892
Udupi,Kundapura,Hallihole,0.281,1,0.7276,0.5891
Udupi,Udupi,Belapu,0.2779,1,0.7351,0.5889
Dharwad,Hubli,Rayanal,0.2854,1,0.715,0.5887
Udupi,Karkal,Nalloor,0.2833,1,0.7185,0.5882
Bengaluru Urban,Bengaluru South,Chennahalli,0.2785,1,0.7292,0.5878
Bengaluru Urban,Anekal,Neraluru,0.2838,1,0.7149,0.5876
Udupi,Karkal,Kukkundoor,0.2724,1,0.7431,0.5871
Kodagu,Virajpet,Kirgur,0.2741,1,0.7378,0.587
Udupi,Karkal,Bailoor,0.287,0.9758,0.7221,0.5869
Dakshina Kannada,Sulya,Bellare,0.2785,1,0.7232,0.5862
Uttara Kannada,Karwar,Hankon,0.2611,1,0.7705,0.5859
Belagavi,Belagavi,Balikundir B K,0.2932,0.9255,0.7409,0.5858
Udupi,Udupi,Yellur,0.2741,1,0.7328,0.5856
Bengaluru Urban,Anekal,Dommasandra,0.2755,1,0.7272,0.5851
Bengaluru Urban,Bengaluru South,Ramohalli,0.2931,1,0.6824,0.5849
Uttara Kannada,Sirsi,Banavasi,0.2682,0.951,0.7842,0.5848
Udupi,Kundapura,Belooru,0.2672,1,0.7482,0.5848
Udupi,Karkal,Kuchchuru,0.2835,0.9758,0.7223,0.5846
Dakshina Kannada,Bantval,Karopadi,0.2667,1,0.7491,0.5846
Udupi,Karkal,Kervase,0.2742,1,0.7285,0.5845
Udupi,Karkal,Mudradi,0.2707,1,0.7376,0.5845
Uttara Kannada,Yellapur,Hasangi,0.2527,1,0.789,0.5842
Udupi,Udupi,Havanje,0.2713,1,0.7348,0.5842
Udupi,Karkal,Mala,0.2789,1,0.7122,0.5835
Dakshina Kannada,Bantval,Kurnadu,0.2885,0.951,0.7228,0.5832
Shivamogga,Shivamogga,Melinahanasavadi,0.2789,1,0.7109,0.5831
Dakshina Kannada,Bantval,Kallige,0.2686,1,0.7382,0.5831
Udupi,Kundapura,Korgi,0.2813,0.951,0.7411,0.5831
Dakshina Kannada,Bantval,Naringana,0.2619,1,0.7568,0.583
Udupi,Kundapura,Nada,0.2672,1,0.7401,0.5826
Udupi,Udupi,Innanje,0.274,1,0.7216,0.5826
Uttara Kannada,Yellapur,Angod,0.2793,1,0.7077,0.5825
Udupi,Udupi,Avarse,0.2791,0.9758,0.7222,0.5816
Uttara Kannada,Sirsi,Manjuguni,0.2648,1,0.7419,0.5813
Uttara Kannada,Karwar,Shirwad,0.2806,1,0.6999,0.5813
Dakshina Kannada,Bantval,Kolandu,0.2666,1,0.7362,0.5812
Bengaluru Urban,Anekal,Marasur,0.2952,1,0.6647,0.5811
Udupi,Kundapura,Kergal,0.2748,0.9758,0.7317,0.5811
Chikkamagaluru,Chikkamagaluru,Allampura,0.2635,1,0.7439,0.5809
Uttara Kannada,Karwar,Ghadsai,0.2596,1,0.7544,0.5808
Dakshina Kannada,Bantval,Sajipamooda,0.271,1,0.7223,0.5807
Udupi,Udupi,Irodi,0.2704,0.9758,0.7418,0.5806
Shivamogga,Bhadravati,Nimbegondi,0.2654,1,0.7372,0.5806
Udupi,Udupi,Barkur,0.2647,1,0.7387,0.5804
Udupi,Udupi,Kodi,0.2799,0.9758,0.7156,0.5803
Dharwad,Hubli,B.Aralikatti,0.3033,1,0.6442,0.5803
Udupi,Kundapura,Amparu,0.2651,1,0.7368,0.5802
Udupi,Udupi,Kurkalu,0.2769,1,0.7048,0.5801
Udupi,Udupi,Athradi,0.2881,1,0.6772,0.58
Udupi,Kundapura,Gujjadi,0.255,1,0.7646,0.5799
Bengaluru Urban,Anekal,Neriga,0.2722,1,0.716,0.5798
Udupi,Udupi,Karje,0.2916,0.951,0.7027,0.5798
Uttara Kannada,Siddapur,Sovinkoppa,0.2549,1,0.7638,0.5796
Bengaluru Urban,Anekal,Haragadde,0.2932,0.951,0.6977,0.5794
Shivamogga,Bhadravati,Aralahalli,0.2714,1,0.716,0.5792
Dakshina Kannada,Beltangadi,Ujire,0.2717,1,0.7142,0.5789
Dakshina Kannada,Sulya,Kanaka Majalu,0.264,1,0.7337,0.5786
Uttara Kannada,Bhatkal,Mundalli,0.264,1,0.7329,0.5784
Udupi,Kundapura,Shankaranarayana,0.2965,0.9255,0.7028,0.5777
Mysuru,Mysuru,Rammanahalli,0.2865,1,0.6725,0.5776
Kodagu,Madikeri,Hoddur,0.2629,0.951,0.7701,0.5775
Shivamogga,Shivamogga,Holaluru,0.2717,0.9758,0.7249,0.5771
Bengaluru Urban,Anekal,Huskur,0.2647,1,0.7263,0.5771
Udupi,Udupi,Kotathattu,0.2813,1,0.6832,0.577
Dakshina Kannada,Bantval,Panjikallu,0.262,1,0.7329,0.5769
Dharwad,Hubli,Nulavi,0.2741,1,0.6999,0.5767
Udupi,Kundapura,Navunda,0.2566,1,0.7472,0.5767
Udupi,Karkal,Nitte,0.2577,0.9758,0.7623,0.5766
Bengaluru Urban,Anekal,Suragajakkanahalli,0.2813,0.9758,0.698,0.5765
Mysuru,Mysuru,Belawadi,0.2635,1,0.7253,0.576
Dakshina Kannada,Bantval,Rayee,0.2726,1,0.7011,0.576
Udupi,Karkal,Irvathuru,0.288,0.9758,0.6795,0.5759
Udupi,Udupi,Kodibettu,0.2708,0.9758,0.722,0.5756
Udupi,Karkal,Marne,0.2557,1,0.7444,0.5753
Dakshina Kannada,Sulya,Balila,0.2663,1,0.7143,0.5751
Udupi,Udupi,Palimaru,0.2804,0.951,0.7117,0.5747
Bengaluru Urban,Anekal,Mugaluru,0.275,0.9758,0.7052,0.5741
Bengaluru Urban,Anekal,Samandur,0.2769,1,0.6835,0.5741
Kodagu,Madikeri,Maragodu,0.2583,0.9758,0.75,0.5739
Davanagere,Davanagere,Kukkavada,0.2685,0.951,0.7403,0.5739
Bengaluru Urban,Anekal,Shanthipura,0.2578,1,0.7331,0.5738
Dakshina Kannada,Bantval,Golthamajalu,0.2634,1,0.7173,0.5738
Chikkamagaluru,Koppa,Hariharapura,0.2648,0.9758,0.7297,0.5735
Dakshina Kannada,Bantval,Netlamudnru,0.2539,1,0.7425,0.5734
Dakshina Kannada,Sulya,Panja,0.2642,0.9758,0.7311,0.5734
Kodagu,Somvarpet,Mullusoge,0.2744,0.951,0.7215,0.5731
Bengaluru Rural,Devanahalli,Bidaluru,0.2494,1,0.7544,0.573
Udupi,Kundapura,Vandse,0.2716,0.9255,0.7486,0.573
Kodagu,Virajpet,Araji,0.2546,0.9758,0.7553,0.5725
Uttara Kannada,Honavar,Manki-C(Chittara),0.2505,1,0.748,0.5722
Chikkamagaluru,Chikkamagaluru,Thegur,0.2598,0.9758,0.7386,0.5721
Bengaluru Urban,Anekal,Hennagara,0.2676,0.9758,0.717,0.5721
Dakshina Kannada,Bantval,Amtadi,0.2557,1,0.7319,0.572
Bengaluru Rural,Dod Ballapur,Hadonahalli,0.2446,1,0.7643,0.5718
Dakshina Kannada,Bantval,Maninalkur,0.2698,0.951,0.7282,0.5717
Bengaluru Urban,Anekal,Billapara,0.2594,1,0.7183,0.5712
Udupi,Udupi,Uppoor,0.258,1,0.721,0.5708
Dakshina Kannada,Bantval,Pudu,0.2649,1,0.7019,0.5708
Shivamogga,Tirthahalli,Mulubagilu,0.2487,1,0.7472,0.5706
Chikkamagaluru,Chikkamagaluru,Beekanahalli,0.2532,1,0.7319,0.5701
Bengaluru Urban,Anekal,Bidaraguppe,0.2541,1,0.7288,0.57
Udupi,Udupi,Vaddarse,0.2758,0.951,0.7053,0.5698
Udupi,Karkal,Idu,0.2785,0.951,0.6981,0.5697
Udupi,Kundapura,Bijooru,0.2636,0.9758,0.7186,0.5697
Mysuru,Mysuru,Udbur,0.2867,1,0.6442,0.5695
Dakshina Kannada,Bantval,Sangabettu,0.2636,0.9758,0.7174,0.5693
Dharwad,Dharwad,Mummigatti,0.2706,1,0.6817,0.5692
Uttara Kannada,Sirsi,Bandal,0.249,1,0.7395,0.5689
Dakshina Kannada,Sulya,Peruvaje,0.2563,1,0.7171,0.5686
Udupi,Kundapura,Bijadi,0.2595,1,0.7081,0.5685
Uttara Kannada,Bhatkal,Mutalli,0.26,1,0.7048,0.568
Kodagu,Madikeri,Bengoor Cherambane,0.2505,0.951,0.7686,0.5678
Uttara Kannada,Karwar,Thoduru,0.2394,1,0.7645,0.5677
Udupi,Udupi,Chantharu,0.2803,0.9758,0.6689,0.5677
Dakshina Kannada,Sulya,Subrahmanya,0.2659,0.951,0.7227,0.5675
Shivamogga,Sagar,Kandika,0.2623,1,0.6965,0.5674
Kodagu,Virajpet,Betoli,0.2522,1,0.7241,0.5673
Hassan,Hassan,Boovanahalli,0.2502,0.9758,0.7478,0.5673
Udupi,Karkal,Kalya,0.2654,1,0.6878,0.5673
Udupi,Kundapura,Idurukunjandi,0.262,1,0.6963,0.5672
Shivamogga,Hosanagara,Ramachandrapura,0.2313,1,0.789,0.5672
Udupi,Kundapura,Herooru,0.2615,0.9758,0.7147,0.5671
Dakshina Kannada,Beltangadi,Nada,0.2573,0.9758,0.726,0.567
Shivamogga,Shivamogga,Abbalagere,0.2543,1,0.7166,0.567
Dakshina Kannada,Bantval,Kanyana,0.2557,0.951,0.7487,0.5668
Dakshina Kannada,Sulya,Mandekolu,0.2577,1,0.7062,0.5667
Dakshina Kannada,Beltangadi,Mundaje,0.268,0.9758,0.6948,0.5664
Dakshina Kannada,Bantval,Peraje,0.2547,1,0.713,0.5663
Kodagu,Madikeri,Napoklu,0.2784,0.8722,0.7478,0.5662
Kodagu,Somvarpet,7Th Hoskote,0.2562,0.9758,0.7257,0.5661
Uttara Kannada,Karwar,Chendiya,0.243,1,0.7461,0.566
Udupi,Karkal,Kadthala,0.2571,0.9758,0.7226,0.5659
Dakshina Kannada,Bantval,Alike,0.2509,0.9758,0.7403,0.5659
Uttara Kannada,Honavar,Kodani,0.2424,1,0.7471,0.5657
Bengaluru Urban,Bengaluru North,Kachohalli,0.2627,1,0.6889,0.5657
Dakshina Kannada,Bantval,Kavalapaduru,0.2519,1,0.7185,0.5656
Udupi,Kundapura,Kalthodu,0.2612,0.9758,0.7098,0.5656
Dakshina Kannada,Sulya,Nelluru Kemraje,0.264,1,0.6839,0.5652
Bengaluru Urban,Bengaluru East,Kittaganuru,0.277,1,0.6519,0.5652
Bengaluru Rural,Dod Ballapur,Hadripura,0.2427,1,0.7433,0.565
Udupi,Karkal,Nadpalu,0.2638,0.9758,0.7,0.5648
Kodagu,Virajpet,Karmadu,0.2487,0.9758,0.7405,0.5643
Udupi,Udupi,Badanidiyur,0.2651,1,0.6768,0.5641
Dakshina Kannada,Beltangadi,Melanthabettu,0.251,0.9758,0.7324,0.564
Dakshina Kannada,Beltangadi,Marodi,0.2694,0.9758,0.6823,0.564
Udupi,Udupi,Bairampalli,0.2656,0.951,0.7099,0.5639
Dakshina Kannada,Bantval,Pajiru,0.251,1,0.7133,0.5636
Chikkamagaluru,Mudigere,Bettagere,0.2401,1,0.7457,0.5636
Uttara Kannada,Honavar,Kasarkod,0.2477,1,0.7227,0.5636
Shivamogga,Bhadravati,Veerapura,0.2509,1,0.7128,0.5634
Dakshina Kannada,Sulya,Yenmuru,0.256,1,0.6979,0.5632
Dakshina Kannada,Sulya,Kollamogru,0.2519,1,0.709,0.5632
Uttara Kannada,Honavar,Melin Idgunji,0.2365,1,0.7549,0.5631
Dakshina Kannada,Bantval,Punacha,0.2538,0.9758,0.7201,0.5629
Udupi,Kundapura,Shiruru,0.2384,1,0.7471,0.5627
Dakshina Kannada,Sulya,Kalanja,0.2452,0.9758,0.7443,0.5626
Bengaluru Urban,Anekal,Byagadadenahalli,0.2672,1,0.6665,0.5626
Udupi,Karkal,Palli,0.2705,0.951,0.6922,0.5626
Udupi,Kundapura,Chitturu,0.2573,1,0.6913,0.5623
Dakshina Kannada,Beltangadi,Laila,0.2463,0.9758,0.7395,0.5622
Dakshina Kannada,Puttur,Panaje,0.2562,1,0.6938,0.5622
Udupi,Kundapura,Hakladi,0.2656,1,0.669,0.5622
Dakshina Kannada,Sulya,Aivarnadu,0.2476,0.9758,0.7355,0.5622
Belagavi,Belagavi,Benakanhalli,0.2486,1,0.7149,0.5622
Dakshina Kannada,Puttur,Keyyuru,0.2648,0.951,0.705,0.5621
Mysuru,Mysuru,Hanchya,0.2385,0.9758,0.761,0.5616
Dakshina Kannada,Puttur,Golithottu,0.2619,0.9758,0.6929,0.5615
Dakshina Kannada,Puttur,Aryapu,0.2515,0.9758,0.721,0.5614
Udupi,Karkal,Neere,0.2473,0.9758,0.7325,0.5612
Dakshina Kannada,Bantval,Uli,0.2749,0.9758,0.6583,0.5611
Udupi,Udupi,Kokkarne,0.2547,1,0.6922,0.5607
Chikkamagaluru,Koppa,Chavalmane,0.2305,0.9758,0.7835,0.5607
Udupi,Karkal,Nandalike,0.2535,1,0.6951,0.5606
Udupi,Kundapura,Gopadi,0.2546,0.9758,0.7092,0.5606
Dharwad,Dharwad,Mugad,0.2478,1,0.7107,0.5605
Udupi,Kundapura,Trasi,0.2274,1,0.7742,0.5605
Udupi,Kundapura,Kalavara,0.2583,0.9758,0.6984,0.5604
Bengaluru Urban,Bengaluru North,Lakshmipura,0.245,1,0.718,0.5603
Udupi,Kundapura,Belve,0.2549,0.9758,0.7068,0.5602
Kodagu,Virajpet,Chembe Bellur,0.25,0.9255,0.7596,0.5601
Shivamogga,Hosanagara,Reppanpete,0.2227,1,0.789,0.5601
Kodagu,Virajpet,Halugunda,0.2405,0.951,0.7672,0.5598
Dakshina Kannada,Bantval,Pilathabettu,0.2485,1,0.7057,0.5597
Udupi,Kundapura,Hangluru,0.243,1,0.7211,0.5596
Kodagu,Madikeri,Kalakeri Nidugane,0.251,0.9255,0.7541,0.5595
Shivamogga,Shivamogga,Nidige-I,0.266,1,0.6582,0.5594
Bengaluru Urban,Anekal,Handenahalli,0.2437,1,0.7182,0.5594
Dakshina Kannada,Sulya,Jalsuru,0.2533,0.951,0.7264,0.5593
Dakshina Kannada,Beltangadi,Balanja,0.2564,0.9758,0.6991,0.5593
Uttara Kannada,Haliyal,Kesarolli,0.2465,0.951,0.7463,0.5593
Dakshina Kannada,Sulya,Aranthodu,0.2367,0.9758,0.7575,0.5593
Dakshina Kannada,Bantval,Bolanthuru,0.2505,0.9758,0.7155,0.5592
Udupi,Udupi,Kuthyaru,0.2544,0.9758,0.7043,0.5592
Udupi,Kundapura,Aluru,0.2443,1,0.7159,0.5592
Kodagu,Virajpet,Balyamandur,0.239,1,0.7316,0.5592
Dakshina Kannada,Bantval,Manila,0.2451,0.9758,0.7301,0.559
Shivamogga,Shivamogga,Bedarahosalli,0.2547,0.9758,0.7027,0.5589
Udupi,Karkal,Mundkoor,0.2716,0.879,0.7312,0.5589
Chikkamagaluru,Mudigere,Taruve,0.2346,0.9758,0.7621,0.5588
Dakshina Kannada,Puttur,Balnadu,0.2269,1,0.7684,0.5587
Dakshina Kannada,Puttur,Nekkilady,0.2421,1,0.7197,0.5585
Bengaluru Urban,Anekal,Yamare,0.2479,1,0.7013,0.5581
Davanagere,Harihar,Jigali,0.2578,1,0.6741,0.5581
Belagavi,Belagavi,Bastawada,0.2711,0.9758,0.6564,0.5579
Dakshina Kannada,Bantval,Irvathuru,0.2634,1,0.6592,0.5579
Chikkaballapura,Bagepalli,Marganukunte,0.2567,0.8578,0.7878,0.5577
Dakshina Kannada,Puttur,Bajathuru,0.2473,1,0.7014,0.5577
Kodagu,Somvarpet,Torenur,0.2352,1,0.7368,0.5575
Uttara Kannada,Siddapur,Shiralgi,0.2468,1,0.7023,0.5575
Uttara Kannada,Honavar,Mugwa,0.2339,1,0.7409,0.5575
Shivamogga,Shivamogga,Pillangere,0.258,1,0.6712,0.5574
Chikkamagaluru,Mudigere,Banakal,0.2454,1,0.7053,0.5573
Uttara Kannada,Honavar,Kharwa,0.2352,1,0.7356,0.5572
Dakshina Kannada,Bantval,Idkidu,0.2423,1,0.7141,0.5572
Uttara Kannada,Yellapur,Chandaguli (Upaleshwara),0.2318,0.951,0.7851,0.5572
Dakshina Kannada,Bantval,Mani,0.2332,1,0.7412,0.557
Hassan,Hassan,Tejur,0.2271,1,0.7608,0.557
Udupi,Kundapura,Karkunje,0.2846,0.8359,0.7264,0.557
Dakshina Kannada,Bantval,Narikombu,0.2369,1,0.7292,0.5569
Belagavi,Belagavi,Nilaji,0.2601,1,0.6636,0.5568
Dakshina Kannada,Bantval,Ira,0.2607,0.9255,0.7153,0.5567
Udupi,Kundapura,Kandavara,0.264,1,0.6535,0.5567
Dakshina Kannada,Bantval,Badagabelluru,0.2522,0.9758,0.7003,0.5565
Dakshina Kannada,Bantval,Vitlapadnuru,0.2516,1,0.6848,0.5565
Chikkamagaluru,Sringeri,Dharekoppa,0.2313,1,0.7446,0.5564
Udupi,Kundapura,Tekkatte,0.2513,1,0.6853,0.5564
Chitradurga,Holalkere,Ramagiri,0.2547,0.9255,0.7302,0.5563
Kodagu,Virajpet,Ammathi,0.2506,0.9758,0.7037,0.5562
Davanagere,Davanagere,Kadajji,0.2395,1,0.7183,0.5561
Udupi,Karkal,Belman,0.2491,1,0.6905,0.5561
Dakshina Kannada,Beltangadi,Maladi,0.2432,0.9758,0.7248,0.5561
Kodagu,Virajpet,Hathur,0.2485,0.9758,0.709,0.5561
Uttara Kannada,Bhatkal,Mavalli,0.247,0.9758,0.7127,0.5559
Udupi,Kundapura,Keradi,0.2468,0.9758,0.7131,0.5558
Shivamogga,Hosanagara,Sonale,0.2177,1,0.789,0.5558
Udupi,Kundapura,Hattiangadi,0.249,0.951,0.7242,0.5556
Shivamogga,Bhadravati,Singanamane,0.2562,0.951,0.7035,0.5555
Shivamogga,Bhadravati,Holehonnuru-I,0.2471,0.9758,0.7099,0.5552
Shivamogga,Shivamogga,Koralahalli,0.2427,1,0.7051,0.5552
Dakshina Kannada,Bantval,Ammunje,0.2386,1,0.717,0.5551
Bengaluru Urban,Anekal,Ragihalli,0.2402,1,0.7112,0.5549
Udupi,Kundapura,Hambadi-Mandadi,0.2442,1,0.6996,0.5549
Udupi,Udupi,Billadi,0.2531,0.9758,0.6906,0.5546
Udupi,Udupi,Handadi,0.286,0.8359,0.7134,0.5545
Kodagu,Virajpet,Kakotuparambu,0.2327,1,0.7327,0.5545
Dakshina Kannada,Bantval,Salelthuru,0.2233,1,0.7629,0.5544
Dakshina Kannada,Bantval,Kavalamuduru,0.2455,0.9758,0.7108,0.5543
Dakshina Kannada,Puttur,Perabe,0.2481,1,0.6855,0.5541
Dakshina Kannada,Puttur,Kabaka,0.2523,0.9255,0.728,0.554
Hassan,Hassan,Thattekere,0.2389,1,0.7107,0.5537
Bengaluru Urban,Anekal,Karpur,0.2547,1,0.6665,0.5537
Shivamogga,Sagar,Bhimaneri,0.2486,1,0.6823,0.5536
Udupi,Kundapura,Hosadu,0.2571,0.9758,0.6759,0.5535
Bengaluru Rural,Dod Ballapur,Sasalu,0.2444,1,0.6935,0.5534
Uttara Kannada,Bhatkal,Hadavalli,0.2519,1,0.6726,0.5533
Uttara Kannada,Honavar,Chandavar,0.2275,1,0.7443,0.5532
Dakshina Kannada,Bantval,Kukkipadi,0.2397,0.9758,0.7238,0.5532
Chikkamagaluru,Koppa,Asagodu,0.2401,1,0.7049,0.5532
Davanagere,Jagalur,Kyasenahalli,0.237,1,0.7138,0.553
Shivamogga,Hosanagara,Yaduru,0.2143,1,0.789,0.553
Uttara Kannada,Karwar,Devalmakki,0.2182,1,0.7747,0.5529
Dakshina Kannada,Bantval,Kedila,0.2427,1,0.6962,0.5528
Dakshina Kannada,Bantval,Manchi,0.2378,0.9758,0.7272,0.5526
Uttara Kannada,Bhatkal,Mavinakurve,0.253,0.951,0.7015,0.5526
Uttara Kannada,Sirsi,Hunasekoppa,0.2281,1,0.7395,0.5526
Dakshina Kannada,Sulya,Kalmadka,0.2525,1,0.668,0.5525
Dakshina Kannada,Sulya,Devachalla,0.2411,0.9758,0.7168,0.5524
Chikkamagaluru,Mudigere,Urubage,0.2233,1,0.7549,0.5524
Udupi,Kundapura,Koteshwar,0.2426,0.9758,0.7118,0.5523
Mysuru,Mysuru,Nagawala,0.2514,1,0.6701,0.5523
Kodagu,Somvarpet,Kudumangalore,0.2429,0.9758,0.7107,0.5522
Kodagu,Madikeri,Kundacheri,0.2247,1,0.749,0.5521
Udupi,Kundapura,Balkuru,0.248,0.9255,0.7333,0.5521
Chikkamagaluru,Koppa,Bhandigadi,0.2219,1,0.7584,0.5521
Dakshina Kannada,Bantval,Kadeshwalya,0.2305,1,0.7297,0.552
Dakshina Kannada,Bantval,Barimaru,0.245,0.9758,0.7033,0.5519
Udupi,Udupi,Belle,0.2354,1,0.7137,0.5518
Kodagu,Virajpet,Siddapura,0.2403,1,0.6987,0.5517
Uttara Kannada,Supa,Joida,0.2259,1,0.743,0.5516
Kodagu,Virajpet,Ponnappasanthe,0.2595,0.9758,0.6625,0.5515
Kodagu,Somvarpet,Doddamolathe,0.2271,1,0.7377,0.5513
Udupi,Kundapura,Kirimanjeshwara,0.2552,0.951,0.6903,0.5513
Udupi,Kundapura,Kumbashi,0.2554,1,0.6558,0.5512
Hassan,Hassan,Gorur,0.2375,1,0.7039,0.5509
Kodagu,Virajpet,Kadanur,0.2253,1,0.7418,0.5508
Davanagere,Davanagere,Anagodu,0.2309,0.951,0.7609,0.5508
Dakshina Kannada,Beltangadi,Dharmasthala,0.2467,0.951,0.7116,0.5506
Kodagu,Virajpet,Polibetta,0.2295,1,0.727,0.5505
Dharwad,Hubli,Chabbi,0.2338,1,0.7135,0.5505
Dakshina Kannada,Puttur,Bilinele,0.232,1,0.719,0.5505
Shivamogga,Hosanagara,Humcha,0.2114,1,0.789,0.5504
Dakshina Kannada,Puttur,Badagannuru,0.2381,1,0.7002,0.5504
Udupi,Kundapura,Jadkal,0.2527,1,0.6596,0.5503
Chikkamagaluru,Chikkamagaluru,Kartikere,0.2462,1,0.6761,0.5501
Uttara Kannada,Honavar,Hosakuli,0.2216,1,0.7509,0.55
Dakshina Kannada,Puttur,Noojibalthila,0.243,1,0.6845,0.5499
Bengaluru Urban,Anekal,Indlavadi,0.237,1,0.7015,0.5499
Udupi,Udupi,Haradi,0.2604,0.9758,0.6543,0.5498
Dharwad,Hubli,Adargunchi,0.2557,1,0.65,0.5498
Uttara Kannada,Karwar,Kerwadi,0.222,1,0.7478,0.5496
Bengaluru Urban,Anekal,Ballur,0.2591,1,0.6406,0.5495
Dakshina Kannada,Bantval,Perne,0.2304,0.9758,0.738,0.5495
Uttara Kannada,Sirsi,Devanalli,0.2366,1,0.7008,0.5494
Udupi,Karkal,Mudaru,0.2494,0.9758,0.6812,0.5493
Uttara Kannada,Karwar,Chittakula,0.2135,1,0.7751,0.549
Bengaluru Urban,Anekal,Muttanalluru,0.254,0.9758,0.6674,0.5489
Davanagere,Davanagere,Mudahadadi,0.2105,1,0.7859,0.5489
Kodagu,Virajpet,Bittangala,0.2789,0.8359,0.7093,0.5488
Ramanagara,Ramanagara,Doddagangavadi,0.231,1,0.7157,0.5488
Hassan,Hassan,Hanumanthapura,0.2177,1,0.7591,0.5488
Kodagu,Somvarpet,Chowdlu,0.2315,1,0.7137,0.5487
Belagavi,Belagavi,Kangrali K.H,0.2512,1,0.6573,0.5486
Mandya,Shrirangapattana,Kirangur,0.2344,0.9758,0.7218,0.5486
Davanagere,Davanagere,Shiramagondanahally,0.2177,1,0.7583,0.5486
Udupi,Udupi,Bommarabettu,0.2423,0.9758,0.6981,0.5485
Belagavi,Belagavi,Muchhandi,0.2638,0.951,0.6574,0.5484
Udupi,Karkal,Renjala,0.251,1,0.657,0.5484
Udupi,Karkal,Miyaru,0.2247,1,0.733,0.5482
Shivamogga,Tirthahalli,Hodala-Aralapura,0.2254,1,0.7303,0.548
Kodagu,Virajpet,T. Shettigeri,0.2255,1,0.7292,0.5479
Udupi,Kundapura,Gangolli,0.2449,1,0.671,0.5478
Dakshina Kannada,Bantval,Peruvai,0.2267,0.9758,0.7426,0.5477
Bengaluru Rural,Dod Ballapur,Doddabelavangala,0.2158,1,0.7611,0.5476
Chikkamagaluru,Koppa,Koppa (Rural),0.2395,1,0.6858,0.5476
Dakshina Kannada,Sulya,Ubaradka Mithuru,0.2184,1,0.7515,0.5475
Dakshina Kannada,Puttur,Savanuru,0.2377,1,0.6903,0.5474
Uttara Kannada,Siddapur,Hasaragod,0.2172,1,0.7552,0.5474
Bengaluru Rural,Nelamangala,Shivagange,0.2431,0.9758,0.6913,0.5473
Dharwad,Hubli,Sharewada,0.2451,1,0.6686,0.5472
Kodagu,Virajpet,Kannangala,0.2379,0.9758,0.7057,0.5472
Uttara Kannada,Sirsi,Guadnapur,0.2174,1,0.7534,0.5471
Dakshina Kannada,Sulya,Sampaje,0.2323,0.9758,0.7226,0.5471
Bengaluru Urban,Bengaluru North,Siddanahosahalli,0.2441,1,0.6708,0.5471
Gadag,Gadag,Hulkoti,0.2876,0.951,0.5981,0.5469
Shivamogga,Sagar,Maratturu,0.2316,1,0.7063,0.5469
Kodagu,Madikeri,Bettageri,0.2657,0.8135,0.7565,0.5468
Dakshina Kannada,Beltangadi,Padangadi,0.2366,0.9758,0.7076,0.5467
Bengaluru Rural,Devanahalli,Mandibele,0.225,1,0.7259,0.5466
Dakshina Kannada,Puttur,Koila,0.2354,0.9758,0.7108,0.5466
Kodagu,Madikeri,Peraje,0.2174,1,0.751,0.5466
Uttara Kannada,Sirsi,Andagi,0.2204,0.9758,0.759,0.5465
Uttara Kannada,Karwar,Mallapur,0.2222,1,0.7346,0.5465
Dakshina Kannada,Bantval,Sajapapadu,0.2303,0.9758,0.7255,0.5463
Shivamogga,Shivamogga,Haramagatta,0.2249,0.9758,0.7427,0.5462
Kodagu,Somvarpet,Haradur,0.2359,0.9758,0.7079,0.5462
Shivamogga,Sagar,Talaguppa,0.2332,1,0.6984,0.5461
Shivamogga,Shivamogga,Gajanuru,0.2259,1,0.7206,0.546
Dharwad,Navalgund,Morab,0.2222,1,0.7322,0.5459
Shivamogga,Sagar,Ulluru,0.2319,1,0.7008,0.5457
Bengaluru Rural,Nelamangala,Manne,0.2303,0.9758,0.723,0.5457
Dakshina Kannada,Sulya,Markanja,0.2314,1,0.7021,0.5457
Chikkamagaluru,Sringeri,Vidyaranayapura,0.2266,0.951,0.7541,0.5457
Udupi,Karkal,Bola,0.2345,1,0.6924,0.5456
Uttara Kannada,Sirsi,Itguli,0.2157,1,0.7525,0.5455
Udupi,Kundapura,Hengavalli,0.2393,1,0.6778,0.5454
Shivamogga,Sorab,Anavatti,0.2231,0.9758,0.7449,0.5453
Davanagere,Channagiri,Lingadahalli,0.2141,1,0.7574,0.5453
Dakshina Kannada,Puttur,Kedambady,0.2451,0.951,0.6956,0.5453
Chikkamagaluru,Mudigere,B.Bosahalli (Bharatibylu),0.2452,1,0.6611,0.5452
Kodagu,Madikeri,Kadagadalu,0.2602,0.879,0.7086,0.5452
Shivamogga,Shivamogga,B.Beeranahalli,0.2167,1,0.7478,0.5452
Dakshina Kannada,Puttur,Shirady,0.2413,0.9758,0.6881,0.5452
Shivamogga,Shivamogga,Kadekallu,0.2316,1,0.6992,0.545
Chikkamagaluru,Narasimharajapura,Nagalapura ( G.H.Kaimara),0.2321,1,0.6974,0.545
Dakshina Kannada,Sulya,Harihara Pallathadka,0.2211,1,0.732,0.545
Kodagu,Madikeri,Sampaje,0.2121,1,0.7632,0.5449
Davanagere,Davanagere,Gudalu,0.2182,0.9758,0.7601,0.5449
Dakshina Kannada,Beltangadi,Shibaje,0.2423,0.9758,0.6836,0.5447
Shivamogga,Shivamogga,Shettyhalli,0.2269,1,0.7119,0.5446
Kolar,Mulbagal,Nangli,0.2153,1,0.7502,0.5446
Shivamogga,Bhadravati,Nagathibelagalu,0.2547,1,0.6339,0.5445
Udupi,Kundapura,Gulwadi,0.2397,1,0.6734,0.5445
Kodagu,Madikeri,Made,0.2136,1,0.7556,0.5444
Kodagu,Virajpet,Kedamullur,0.2172,1,0.7423,0.5443
Shivamogga,Shikarpur,Hittala,0.2288,1,0.7047,0.5443
Udupi,Udupi,Hanehalli,0.2513,1,0.6414,0.5442
Shivamogga,Hosanagara,Aramanekoppa,0.2042,1,0.789,0.5441
Uttara Kannada,Bhatkal,Heble,0.2343,0.9758,0.704,0.544
Bengaluru Rural,Hosakote,Sulibele,0.2175,1,0.74,0.5439
Uttara Kannada,Bhatkal,Belake,0.2466,1,0.6523,0.5438
Dakshina Kannada,Beltangadi,Venur,0.2415,0.951,0.6999,0.5437
Udupi,Udupi,Thenka,0.2421,1,0.6641,0.5437
Bengaluru Urban,Bengaluru North,Hesarughatta,0.2917,1,0.551,0.5437
Mandya,Shrirangapattana,Belagola,0.2167,1,0.7414,0.5436
Udupi,Karkal,Inna,0.233,1,0.6895,0.5436
Chikkamagaluru,Chikkamagaluru,Byaravalli (Mallanduru),0.2124,1,0.7551,0.5433
Chikkamagaluru,Sringeri,Addagadde,0.2235,1,0.7174,0.5433
Davanagere,Channagiri,Tanigere,0.2151,1,0.7453,0.5432
Shivamogga,Hosanagara,Trinive,0.2031,1,0.789,0.5432
Shivamogga,Tirthahalli,Melinakuruvalli,0.2223,1,0.7203,0.5431
Shivamogga,Sagar,Shiravanthe,0.2358,1,0.6783,0.5428
Udupi,Karkal,Durga,0.2411,0.9758,0.6793,0.5427
Uttara Kannada,Sirsi,Bhasi,0.2272,0.9758,0.7208,0.5426
Udupi,Udupi,Majur,0.2443,0.9255,0.7067,0.5426
Dakshina Kannada,Beltangadi,Thannirupantha,0.2314,1,0.6905,0.5426
Uttara Kannada,Siddapur,Dodmane,0.203,1,0.7867,0.5425
Dharwad,Dharwad,Manasoora,0.233,1,0.6851,0.5425
Belagavi,Belagavi,Nandhihalli,0.2588,0.9255,0.6662,0.5424
Shivamogga,Sagar,Nadakalasi,0.2265,0.9758,0.722,0.5424
Chikkamagaluru,Chikkamagaluru,Lakya,0.2291,1,0.6966,0.5424
Udupi,Kundapura,Byndooru,0.2258,1,0.7066,0.5423
Kodagu,Somvarpet,Sunticoppa,0.2454,0.951,0.6834,0.5423
Ramanagara,Channapatna,Nagavara,0.2333,1,0.6834,0.5423
Shivamogga,Hosanagara,Amrutha,0.202,1,0.788,0.5419
Kodagu,Somvarpet,Hanagallu,0.2448,0.8992,0.7225,0.5418
Dakshina Kannada,Bantval,Vitlamudnuru,0.2236,1,0.7112,0.5418
Bengaluru Rural,Hosakote,Kalkunte Agrahara,0.231,0.951,0.7239,0.5418
Shivamogga,Tirthahalli,Kudumallige,0.2155,1,0.7377,0.5417
Udupi,Kundapura,Hosangadi,0.2434,1,0.6517,0.5414
Dakshina Kannada,Bantval,Kepu,0.2178,1,0.7279,0.5412
Kodagu,Madikeri,Chembu,0.2105,1,0.753,0.5412
Dakshina Kannada,Sulya,Aletti,0.2504,0.8992,0.7039,0.5411
Chikkamagaluru,Chikkamagaluru,Huyigere,0.232,1,0.683,0.5411
Dakshina Kannada,Beltangadi,Madanthyaru,0.2367,1,0.6693,0.5411
Shivamogga,Sagar,Kalmane,0.2237,1,0.7071,0.5408
Shivamogga,Hosanagara,Hosuru(Sampekatte),0.2005,1,0.789,0.5408
Uttara Kannada,Honavar,Hereangadi,0.2213,0.9758,0.7326,0.5408
Dakshina Kannada,Puttur,Bannuru,0.2522,0.8992,0.6975,0.5408
Mandya,Shrirangapattana,Hosahalli,0.2315,1,0.6828,0.5407
Dakshina Kannada,Beltangadi,Naravi,0.2228,0.9758,0.7268,0.5406
Dakshina Kannada,Puttur,Nelyady,0.2445,0.9255,0.6982,0.5406
Shivamogga,Bhadravati,Donabagatta,0.2347,0.9758,0.6895,0.5405
Shivamogga,Shivamogga,Suguru,0.2513,0.9758,0.6436,0.5404
Uttara Kannada,Sirsi,Kodnagadde,0.2052,1,0.7679,0.5402
Dakshina Kannada,Beltangadi,Kashipatna,0.239,1,0.6592,0.5401
Shivamogga,Sorab,Induvalli,0.2077,1,0.7585,0.5401
Kodagu,Virajpet,Bilugunda,0.2113,1,0.7454,0.54
Chikkamagaluru,Narasimharajapura,Magundi,0.2074,1,0.759,0.54
Mysuru,Krishnarajanagara,Kuppehantha(Chunchanakatte),0.2293,1,0.6862,0.5399
Udupi,Kundapura,Koni,0.2241,1,0.7019,0.5398
Shivamogga,Shivamogga,Kudli,0.2316,1,0.6788,0.5397
Dakshina Kannada,Beltangadi,Kuvettu,0.2262,1,0.6944,0.5396
Uttara Kannada,Kumta,Devagiri,0.2053,1,0.7634,0.5391
Dakshina Kannada,Beltangadi,Kukkedi,0.2318,1,0.6762,0.5391
Dakshina Kannada,Puttur,Alankaru,0.2273,1,0.6895,0.5391
Kolar,Bangarapet,Chinna Kota,0.2163,1,0.7242,0.5391
Udupi,Kundapura,Katbelthur,0.2364,0.9758,0.6791,0.5391
Dharwad,Hubli,Kusugal,0.2597,1,0.6026,0.5389
Dakshina Kannada,Beltangadi,Ilanthila,0.2195,0.9758,0.7305,0.5389
Udupi,Kundapura,Talluru,0.2394,1,0.6535,0.5388
Mandya,Pandavapura,Melukote,0.2525,0.951,0.6516,0.5388
Bengaluru Rural,Hosakote,Khajihosahalli,0.2249,0.9255,0.7513,0.5388
Dakshina Kannada,Beltangadi,Navuru,0.2232,1,0.7004,0.5387
Udupi,Kundapura,Haladi,0.2626,0.8359,0.712,0.5387
Shivamogga,Bhadravati,Mavinakere,0.2819,1,0.5539,0.5385
Dakshina Kannada,Bantval,Anathadi,0.2229,1,0.7006,0.5385
Kodagu,Madikeri,Galibeedu,0.2126,0.951,0.7718,0.5384
Bengaluru Rural,Nelamangala,Soladevanahalli,0.2165,1,0.7201,0.5382
Dakshina Kannada,Beltangadi,Kadirudyavara,0.2259,1,0.6898,0.5381
Dakshina Kannada,Sulya,Amara Mudnuru,0.2153,1,0.7232,0.538
Dakshina Kannada,Sulya,Kodiyala,0.2292,1,0.6788,0.5379
Udupi,Kundapura,Ajri,0.2573,0.8578,0.7051,0.5379
Uttara Kannada,Karwar,Kinner,0.2097,1,0.7415,0.5378
Dakshina Kannada,Bantval,Chennaithodi,0.2393,0.951,0.6833,0.5377
Shivamogga,Sagar,Heggodu,0.2138,1,0.7267,0.5376
Chikkamagaluru,Chikkamagaluru,Aldur,0.239,0.9255,0.7021,0.5375
Dakshina Kannada,Sulya,Yedamangala,0.2329,0.9758,0.6833,0.5375
Chikkamagaluru,Koppa,Shanuvalli,0.2043,1,0.7601,0.5375
Dakshina Kannada,Beltangadi,Arambodi,0.2308,1,0.6726,0.5375
Hassan,Belur,Arehalli,0.2222,1,0.6985,0.5374
Chikkamagaluru,Narasimharajapura,Gubbiga,0.2126,1,0.7299,0.5374
Davanagere,Honnali,Thimmalapur,0.2106,1,0.7365,0.5373
Shivamogga,Tirthahalli,Hadigallu,0.2118,1,0.7324,0.5373
Shivamogga,Sagar,Anandapura,0.2167,1,0.7153,0.5372
Chikkamagaluru,Koppa,Niluvagilu,0.219,1,0.7079,0.5372
Bengaluru Urban,Anekal,Bannerugatta,0.226,1,0.6855,0.5371
Udupi,Kundapura,Kavradi,0.2236,1,0.6923,0.5369
Mysuru,Mysuru,Harohalli,0.249,1,0.6216,0.5369
Shivamogga,Tirthahalli,Araga,0.207,1,0.747,0.5367
Dakshina Kannada,Puttur,Kutrupady,0.2185,1,0.7072,0.5366
Uttara Kannada,Honavar,Hadinbal,0.2142,1,0.7212,0.5365
Dakshina Kannada,Beltangadi,Nidgal(Kalmanja),0.2177,1,0.7094,0.5365
Udupi,Karkal,Chara,0.2211,1,0.6978,0.5363
Chikkamagaluru,Chikkamagaluru,Malaloor,0.2146,1,0.7181,0.5362
Mandya,Shrirangapattana,Sabbanakuppe,0.2276,0.9758,0.6938,0.5361
Shivamogga,Bhadravati,Hiriyuru,0.2447,0.9758,0.6453,0.5361
Mandya,Maddur,Besagarahalli,0.2307,0.9758,0.6838,0.536
Dakshina Kannada,Bantval,Sarapadi,0.2138,1,0.7199,0.5359
Shivamogga,Tirthahalli,Aralasurali,0.2132,1,0.7201,0.5355
Dharwad,Dharwad,Hebballi,0.2221,1,0.6909,0.5353
Hassan,Hassan,Salagame,0.2277,0.9255,0.7278,0.5353
Dakshina Kannada,Beltangadi,Kokkada,0.2351,0.951,0.6858,0.5352
Chamarajanagar,Kollegal,Mangala,0.2127,0.9758,0.738,0.535
Uttara Kannada,Ankola,Bavikeri,0.22,1,0.6955,0.5349
Udupi,Karkal,Varanga,0.2948,0.7207,0.7201,0.5348
Dakshina Kannada,Beltangadi,Kaliaya,0.2385,0.951,0.6737,0.5346
Dakshina Kannada,Mangaluru,Kinnigoli,0.2064,1,0.7393,0.5344
Chikkamagaluru,Mudigere,Hesagal (Belagola),0.2105,1,0.725,0.5344
Belagavi,Belagavi,Kalakhamba,0.2428,1,0.6285,0.5343
Mysuru,Mysuru,Keelanapura,0.2189,1,0.6969,0.5343
Dakshina Kannada,Puttur,Nettanige Mudnuru,0.2152,1,0.7086,0.5342
Dakshina Kannada,Puttur,Ariyadka,0.2184,0.9758,0.7152,0.5341
Kodagu,Somvarpet,Madapura,0.2314,0.951,0.6922,0.5341
Uttara Kannada,Sirsi,Bankanaal,0.213,1,0.7146,0.5339
Dakshina Kannada,Puttur,Bettampady,0.2358,0.951,0.6787,0.5339
Bengaluru Rural,Nelamangala,Basavanahalli,0.194,1,0.7837,0.5338
Dakshina Kannada,Beltangadi,Mithabagilu,0.2311,0.9758,0.6743,0.5337
Chikkamagaluru,Kadur,Giriyapura,0.2026,1,0.7493,0.5335
Dakshina Kannada,Bantval,Balthila,0.221,0.951,0.7223,0.5334
Belagavi,Belagavi,Sulage Y,0.236,1,0.6429,0.5333
Shivamogga,Shivamogga,Hosahalli,0.226,1,0.6712,0.5333
Udupi,Karkal,Hebri,0.2225,1,0.6813,0.5332
Mandya,Shrirangapattana,Palahalli,0.2265,0.9758,0.6852,0.533
Uttara Kannada,Sirsi,Shivalli,0.2028,1,0.7465,0.533
Dharwad,Hubli,Sulla,0.2093,1,0.7234,0.533
Bengaluru Rural,Devanahalli,Channarayapatna,0.2245,0.9758,0.6908,0.5329
Uttara Kannada,Honavar,Kelginor,0.2117,1,0.7146,0.5328
Chikkamagaluru,Tarikere,Halasur,0.2166,1,0.6977,0.5327
Davanagere,Davanagere,Huchchavanahally,0.2169,1,0.6965,0.5326
Ramanagara,Ramanagara,Gopahalli,0.2176,1,0.6945,0.5326
Dakshina Kannada,Sulya,Madippady,0.2058,1,0.7339,0.5326
Chikkamagaluru,Mudigere,Phalguni,0.2094,1,0.7202,0.5323
Ballari,Sandur,Torangal,0.289,0.9255,0.564,0.5323
Chikkamagaluru,Chikkamagaluru,Kuduvalli,0.2104,0.9758,0.7341,0.5322
Bengaluru Rural,Devanahalli,Kundana,0.2056,1,0.7328,0.5321
Chikkamagaluru,Narasimharajapura,B.Kanabur ( Balehonnur ),0.2164,0.9758,0.7134,0.5321
Dharwad,Dharwad,Amminbhavi,0.2302,0.9758,0.6697,0.5319
Shivamogga,Shikarpur,Gama,0.2121,0.9758,0.7269,0.5318
Dakshina Kannada,Bantval,Badakajekaru,0.2339,0.9255,0.6947,0.5318
Shivamogga,Tirthahalli,Agumbe,0.2105,1,0.7145,0.5318
Bengaluru Urban,Bengaluru South,Kagglipura,0.2328,1,0.646,0.5318
Udupi,Udupi,Hejamadi,0.2357,0.9758,0.6538,0.5318
Chikkamagaluru,Tarikere,Sollapura,0.1935,1,0.7771,0.5318
Chitradurga,Chitradurga,Cholaghatta,0.2325,0.951,0.6798,0.5317
Mandya,Shrirangapattana,Naguvanahalli,0.2039,1,0.737,0.5316
Chikkamagaluru,Tarikere,Sokke,0.1976,1,0.7601,0.5316
Chikkamagaluru,Tarikere,Ajjampura,0.1966,1,0.7638,0.5315
Chikkamagaluru,Koppa,Narasipura (Narve),0.2135,0.951,0.7392,0.5314
Mysuru,Mysuru,Hinkal,0.2292,1,0.6545,0.5314
Dakshina Kannada,Bantval,Balepuni,0.2347,0.951,0.6722,0.5313
Dakshina Kannada,Puttur,Kolthige,0.2162,0.9758,0.7109,0.5313
Bengaluru Rural,Dod Ballapur,Kantanakunte,0.2084,1,0.7189,0.5311
Dakshina Kannada,Puttur,Kudipadi,0.2268,0.9758,0.6765,0.531
Ramanagara,Channapatna,Mylanayakanahally,0.2532,1,0.5913,0.531
Belagavi,Belagavi,Honga,0.2466,0.9758,0.6219,0.5309
Mandya,Maddur,Holagerehalli,0.1978,1,0.756,0.5308
Bagalkot,Bagalkot,Gaddankeri,0.2246,0.9758,0.682,0.5307
Chikkamagaluru,Tarikere,Shivani,0.202,1,0.7398,0.5307
Udupi,Kundapura,Basruru,0.2454,0.8578,0.7099,0.5307
Mysuru,Mysuru,Naganahalli,0.2413,0.9758,0.6341,0.5305
Davanagere,Channagiri,Kabbala,0.2037,1,0.7328,0.5305
Dakshina Kannada,Puttur,Belanduru,0.218,1,0.6846,0.5305
Mandya,Mandya,Ganadalu,0.2252,0.9758,0.6792,0.5304
Shivamogga,Bhadravati,Tavaragatta,0.2329,0.951,0.6737,0.5304
Shivamogga,Tirthahalli,Konanduru,0.1982,1,0.7526,0.5304
Dakshina Kannada,Beltangadi,Andinje,0.2163,1,0.6893,0.5303
Dakshina Kannada,Bantval,Navooru,0.2169,1,0.6871,0.5302
Dakshina Kannada,Puttur,Munduru,0.2178,0.951,0.7195,0.5302
Bengaluru Rural,Nelamangala,Honnenahalli,0.2084,1,0.7149,0.5301
Uttara Kannada,Kumta,Nadumaskeri,0.2088,0.9758,0.7312,0.5301
Chikkamagaluru,Sringeri,Kuthagodu,0.2091,1,0.7121,0.53
Chikkamagaluru,Chikkamagaluru,Byguru,0.2044,0.9758,0.7462,0.53
Belagavi,Belagavi,Kadoli,0.2465,0.8722,0.6925,0.53
Shivamogga,Tirthahalli,Hedduru,0.2047,1,0.7267,0.5298
Uttara Kannada,Kumta,Koojali,0.2192,0.9255,0.7329,0.5298
Shivamogga,Shivamogga,Choradi,0.2046,1,0.7267,0.5298
Davanagere,Jagalur,Gurusiddapura,0.2001,1,0.743,0.5297
Dakshina Kannada,Beltangadi,Kaniyooru,0.2191,0.951,0.7134,0.5297
Uttara Kannada,Honavar,Karki,0.2204,0.9758,0.6903,0.5295
Davanagere,Channagiri,Kariganur,0.2055,1,0.7224,0.5295
Chikkamagaluru,Chikkamagaluru,Hirekolale,0.2,0.9758,0.76,0.5293
Bengaluru Rural,Dod Ballapur,Thippuru,0.2232,0.951,0.6982,0.5292
Shivamogga,Tirthahalli,Megaravalli,0.1952,1,0.759,0.5291
Hassan,Hassan,Haralahalli,0.2107,0.9758,0.7202,0.529
Uttara Kannada,Honavar,Balkoor,0.2198,0.951,0.7083,0.529
Shivamogga,Bhadravati,Attigunda,0.2531,1,0.5847,0.529
Mysuru,Hunsur,Chilkunda,0.2207,1,0.6703,0.5289
Shivamogga,Shivamogga,Thammadihalli,0.2137,1,0.6919,0.5288
Uttara Kannada,Ankola,Agragone,0.2083,1,0.7091,0.5286
Shivamogga,Hosanagara,Melinabesige,0.1872,1,0.789,0.5286
Shivamogga,Hosanagara,M.Guddekoppa,0.1872,1,0.789,0.5285
Bengaluru Rural,Nelamangala,Maralakunte,0.2015,0.9758,0.7507,0.5285
Uttara Kannada,Sirsi,Janmane,0.1928,1,0.765,0.5284
Bengaluru Rural,Dod Ballapur,Arudi,0.2289,1,0.6445,0.5284
Mysuru,Mysuru,Yadakola,0.2295,1,0.6424,0.5283
Dharwad,Dharwad,Marewad,0.2396,0.9758,0.6307,0.5283
Hassan,Hassan,Huvinahalli Kaval,0.2251,1,0.655,0.5283
Davanagere,Davanagere,Kanagondanahalli,0.2011,0.9758,0.7507,0.5282
Uttara Kannada,Bhatkal,Konar,0.2178,1,0.6763,0.5281
Chikkamagaluru,Mudigere,Halemudigere,0.2148,0.9255,0.741,0.5281
Chikkamagaluru,Chikkamagaluru,Devadana,0.2146,0.9758,0.7028,0.528
Chikkamagaluru,Chikkamagaluru,Kurubarabudihalu,0.206,1,0.7143,0.5279
Kodagu,Madikeri,Kunjila (Kakkabbe),0.2083,1,0.7061,0.5278
Dakshina Kannada,Beltangadi,Machina,0.2173,0.9758,0.6933,0.5278
Dakshina Kannada,Beltangadi,Indabettu,0.2452,0.8992,0.6664,0.5277
Uttara Kannada,Kumta,Hanehalli,0.2057,1,0.7143,0.5277
Shivamogga,Tirthahalli,Mandagadde,0.1967,1,0.7472,0.5277
Dakshina Kannada,Bantval,Arala,0.2167,0.9758,0.6949,0.5276
Shivamogga,Hosanagara,Karimane,0.1861,1,0.789,0.5276
Bengaluru Rural,Nelamangala,Bhodihal,0.2221,0.9758,0.677,0.5274
Shivamogga,Sagar,Padavagodu,0.215,1,0.6824,0.5274
Uttara Kannada,Kumta,Holangadde,0.2035,1,0.7205,0.5273
Uttara Kannada,Bhatkal,Shirali,0.2408,0.8992,0.6769,0.5272
Uttara Kannada,Sirsi,Bhairumbe,0.2093,1,0.6999,0.5272
Uttara Kannada,Siddapur,Bedkani,0.1876,1,0.7804,0.5271
Bengaluru Rural,Devanahalli,Avathi,0.2106,0.951,0.7311,0.527
Mandya,Mandya,B.Gowdagere,0.2453,1,0.5967,0.527
Ramanagara,Channapatna,Malurpatna,0.2221,0.9758,0.675,0.5269
Kodagu,Somvarpet,Dundalli,0.1992,1,0.7339,0.5268
Shivamogga,Sorab,Nyarsi,0.2084,1,0.7008,0.5266
Kodagu,Somvarpet,Shanivarasanthe,0.2141,1,0.6818,0.5265
Chikkamagaluru,Narasimharajapura,Bale ( Mudabagilu ),0.2121,0.9758,0.705,0.5264
Uttara Kannada,Supa,Akheti,0.2066,0.9758,0.7231,0.5263
Mysuru,Mysuru,Mosambayanahalli,0.2272,0.9758,0.6575,0.5263
Uttara Kannada,Bhatkal,Kaikini,0.2172,1,0.6713,0.5263
Belagavi,Belagavi,Machhe,0.2173,1,0.6702,0.5261
Bengaluru Rural,Hosakote,Doddahulluru,0.1976,1,0.7368,0.5261
Chikkamagaluru,Mudigere,Tripura,0.2031,0.9758,0.7344,0.526
Bengaluru Rural,Dod Ballapur,Thubugere,0.2141,0.9758,0.6963,0.5259
Kodagu,Madikeri,Hakathur,0.1987,0.9758,0.7497,0.5258
Udupi,Kundapura,Uppunda,0.2132,0.9758,0.6988,0.5258
Chikkamagaluru,Mudigere,Bidarahalli,0.2302,0.9255,0.6822,0.5258
Chikkamagaluru,Koppa,Harandur (Koppa),0.2188,0.9758,0.6805,0.5257
Kodagu,Virajpet,Kanur,0.2288,0.9758,0.6507,0.5257
Davanagere,Harapanahalli,Togarikatte,0.1967,1,0.7383,0.5256
Bengaluru Rural,Dod Ballapur,Kadanuru,0.2118,1,0.6855,0.5256
Shivamogga,Tirthahalli,Melige,0.1993,1,0.7284,0.5255
Chamarajanagar,Yelandur,MAMBALLI,0.2201,0.9758,0.675,0.5253
Shivamogga,Sagar,Hirebilagunji,0.2005,0.9758,0.7407,0.5253
Shivamogga,Shivamogga,Puradalu,0.1985,1,0.7299,0.5252
Shivamogga,Shivamogga,Kohalli,0.2108,1,0.6871,0.5252
Bengaluru Rural,Dod Ballapur,Hanabe,0.1938,1,0.7472,0.5252
Dakshina Kannada,Beltangadi,Belalu,0.2115,1,0.6846,0.5251
Davanagere,Harapanahalli,Nandibehuru,0.2142,1,0.6758,0.5251
Shivamogga,Hosanagara,Heddharipura,0.1834,1,0.789,0.525
Shivamogga,Bhadravati,Baranduru,0.268,0.951,0.5675,0.5249
Mandya,Mandya,Gopalapura,0.2085,0.951,0.7295,0.5249
Uttara Kannada,Honavar,Mavinkurve,0.2045,1,0.707,0.5248
Shivamogga,Tirthahalli,Devangi,0.207,1,0.6982,0.5248
Mysuru,Mysuru,Hosahundi,0.2437,1,0.5931,0.5248
Dakshina Kannada,Puttur,Narimogaru,0.2369,0.8722,0.699,0.5247
Shivamogga,Shivamogga,Haranahalli,0.1997,1,0.7231,0.5247
Davanagere,Davanagere,Shaygale,0.2124,1,0.6799,0.5247
Shivamogga,Bhadravati,Kagekodamaggi,0.2452,1,0.5889,0.5246
Mandya,Mandya,Kereagodu,0.2148,0.9758,0.689,0.5246
Chikkamagaluru,Mudigere,Kundur,0.201,0.9758,0.7363,0.5246
Udupi,Udupi,Kota,0.2254,1,0.6405,0.5246
Shivamogga,Sorab,Jade,0.2045,1,0.7057,0.5246
Uttara Kannada,Ankola,Alageri,0.2097,1,0.6881,0.5245
Shivamogga,Sorab,Nisarani,0.2045,1,0.7053,0.5244
Kodagu,Virajpet,Srimangala,0.2401,0.951,0.6314,0.5243
Chikkamagaluru,Chikkamagaluru,Hariharadahalli,0.2186,0.9758,0.6753,0.5242
Mysuru,Hunsur,Uddur Kaval,0.203,1,0.7096,0.5242
Shivamogga,Tirthahalli,Guddekoppa,0.1991,1,0.7235,0.5242
Belagavi,Chikkodi,Yadoor,0.1987,1,0.7241,0.524
Uttara Kannada,Haliyal,Nagashettikoppa,0.1878,1,0.766,0.524
Mysuru,Mysuru,Varuna,0.2406,1,0.5977,0.5239
Shivamogga,Sagar,Masuru,0.2114,1,0.6802,0.5239
Mysuru,Tirumakudal -,Doddebagilu,0.2165,1,0.6642,0.5239
Shivamogga,Sagar,Yadajigalemane,0.2045,1,0.7031,0.5239
Udupi,Kundapura,Kolluru,0.212,0.9758,0.6944,0.5237
Dakshina Kannada,Beltangadi,Shirlalu,0.2193,0.9758,0.6709,0.5236
Dakshina Kannada,Puttur,Ramakunja,0.2163,1,0.6637,0.5236
Dakshina Kannada,Puttur,Kadaba,0.2325,0.8992,0.6865,0.5236
Dakshina Kannada,Beltangadi,Aladangadi,0.2071,0.9758,0.71,0.5235
Bengaluru Rural,Hosakote,Doddagattiganabbe,0.2038,0.9758,0.7215,0.5235
Hassan,Arsikere,Banavara,0.2016,0.9758,0.7292,0.5234
Udupi,Kundapura,Anagali,0.2014,0.9758,0.7296,0.5234
Hassan,Sakleshpur,Hethur,0.192,1,0.7466,0.5233
Kodagu,Somvarpet,Handli,0.2065,1,0.694,0.5233
Davanagere,Honnali,Chinnikatte,0.2009,1,0.7133,0.5233
Mandya,Mandya,Maragowdanahalli,0.21,0.9758,0.6993,0.5233
Dharwad,Hubli,Mantur,0.2126,1,0.6736,0.5232
Bengaluru Rural,Devanahalli,Koira,0.198,1,0.7228,0.5231
Bengaluru Rural,Dod Ballapur,Bhaktarahalli,0.2061,0.9758,0.7117,0.5231
Shivamogga,Sorab,Hosabale,0.2039,0.9758,0.7193,0.5231
Shivamogga,Sagar,Malve,0.2133,1,0.6704,0.5229
Mandya,Mandya,Boodanur,0.2234,0.9758,0.6557,0.5229
Uttara Kannada,Honavar,Salkod,0.1941,0.9758,0.7538,0.5227
Chikkamagaluru,Tarikere,Naranapura,0.1901,1,0.7507,0.5226
Belagavi,Belagavi,Modaga,0.2238,1,0.6378,0.5226
Shivamogga,Tirthahalli,Tudur,0.1928,1,0.7398,0.5225
Mandya,Mandya,Haluvadi,0.2114,0.9758,0.6913,0.5225
Dharwad,Dharwad,Narendra,0.2217,0.9758,0.6591,0.5225
Kodagu,Virajpet,B. Shettigeri,0.208,0.9758,0.7018,0.5223
Uttara Kannada,Kumta,Alakod,0.1872,1,0.7607,0.5222
Shivamogga,Shivamogga,Matturu,0.2257,1,0.6311,0.5222
Davanagere,Davanagere,Tolahunase,0.196,1,0.7262,0.5222
Hassan,Hassan,Kandali,0.2024,0.9758,0.7208,0.5221
Uttara Kannada,Sirsi,Kulave,0.1955,1,0.7282,0.5221
Dakshina Kannada,Beltangadi,Arasinamakki,0.2112,1,0.6738,0.5221
Udupi,Kundapura,Hardalli-Mandalli,0.219,1,0.6499,0.5221
Kodagu,Virajpet,Hudikeri,0.2153,0.8992,0.735,0.5221
Shivamogga,Hosanagara,Baluru,0.1804,1,0.7886,0.5221
Belagavi,Belagavi,Mastmardi,0.2311,0.9758,0.6305,0.5219
Dakshina Kannada,Sulya,Balpa,0.2256,0.8992,0.7006,0.5219
Hassan,Sakleshpur,Vanagoor,0.1998,0.9758,0.7279,0.5216
Chikkamagaluru,Mudigere,Daradahalli,0.2023,0.9758,0.7183,0.5215
Shivamogga,Tirthahalli,Shedgaru,0.1937,0.9758,0.7503,0.5215
Bengaluru Rural,Hosakote,Kumbalahalli,0.2112,1,0.6707,0.5213
Uttara Kannada,Bhatkal,Bailur,0.2142,1,0.6611,0.5212
Shivamogga,Hosanagara,Andagadhudhuru,0.1793,1,0.789,0.521
Kolar,Bangarapet,Hulkooru,0.1978,1,0.7145,0.5209
Bengaluru Rural,Dod Ballapur,Hosahalli,0.2036,0.9758,0.7111,0.5208
Mysuru,Nanjangud,Karya,0.2137,0.9758,0.6771,0.5207
Bengaluru Rural,Nelamangala,Kodigehalli,0.2041,0.9758,0.7077,0.5204
Hassan,Hassan,Kowsika,0.1969,1,0.7159,0.5204
Belagavi,Belagavi,Tarihal,0.2379,0.8578,0.6906,0.5204
Kodagu,Madikeri,Ayyamgeri,0.1899,0.9758,0.7602,0.5203
Dakshina Kannada,Puttur,Kodimbady,0.2192,1,0.642,0.5202
Haveri,Ranibennur,Chalageri,0.1966,0.951,0.7527,0.5202
Davanagere,Davanagere,Hebbalu,0.203,0.9758,0.7103,0.5201
Mysuru,Nanjangud,Hadya,0.192,1,0.7326,0.5201
Chikkamagaluru,Kadur,Chikkangala,0.1995,1,0.7046,0.5199
Shivamogga,Sagar,Achapura,0.2184,0.879,0.732,0.5199
Shivamogga,Bhadravati,Yerehalli,0.2003,1,0.7015,0.5199
Uttara Kannada,Ankola,Belekeri,0.2088,1,0.6726,0.5198
Uttara Kannada,Bhatkal,Yelavadikavoor,0.2332,1,0.6022,0.5198
Belagavi,Chikkodi,Kunnur,0.1968,1,0.7132,0.5197
Chikkamagaluru,Chikkamagaluru,Moogthihalli,0.2145,0.9255,0.7069,0.5197
Chikkamagaluru,Sringeri,Begaru,0.1963,1,0.7148,0.5197
Shivamogga,Shikarpur,Udagani,0.2061,0.9758,0.6977,0.5196
Mysuru,Mysuru,Siddalingapura,0.244,1,0.5749,0.5196
Dharwad,Hubli,Hebsur,0.2369,0.879,0.6732,0.5195
Shivamogga,Hosanagara,Nitturu,0.1777,1,0.789,0.5194
Uttara Kannada,Karwar,Kadra,0.1934,1,0.7248,0.5194
Chikkamagaluru,Narasimharajapura,Muthinakoppa,0.1986,0.9758,0.7225,0.5193
Belagavi,Belagavi,Bambarga,0.2238,1,0.6253,0.5192
Bengaluru Rural,Nelamangala,Sompura,0.2006,1,0.6973,0.519
Mandya,Maddur,Koppa,0.2175,0.8992,0.7149,0.519
Chikkamagaluru,Sringeri,Markal ( Kigga ),0.1969,0.9758,0.7276,0.519
Chamarajanagar,Kollegal,Siddaiahnapura,0.1867,1,0.7482,0.5189
Dakshina Kannada,Puttur,Mardhala,0.223,0.951,0.6588,0.5189
Shivamogga,Bhadravati,Arahatholalu,0.2188,0.951,0.6714,0.5188
Bengaluru Rural,Nelamangala,Kuluvanahalli,0.1945,1,0.718,0.5188
Uttara Kannada,Kumta,Bargi,0.1866,1,0.7479,0.5188
Davanagere,Channagiri,Tyavanagi,0.1936,0.9758,0.7388,0.5187
Davanagere,Harihar,Banuvalli,0.1792,1,0.7785,0.5187
Davanagere,Honnali,Palavanahalli,0.1946,1,0.7166,0.5185
Chikkamagaluru,Koppa,Agalagandi,0.1938,0.9758,0.7373,0.5185
Mysuru,Mysuru,Sindhuvalli,0.2286,1,0.6098,0.5185
Mysuru,Mysuru,Harohalli (Mallahalli),0.2138,0.9758,0.6675,0.5184
Dharwad,Hubli,Hallyal,0.2162,1,0.6443,0.5184
Kodagu,Somvarpet,Kirgandur,0.1796,1,0.7748,0.5182
Haveri,Ranibennur,Tumminakatti,0.2078,0.9758,0.6861,0.5182
Dakshina Kannada,Beltangadi,Charmadi,0.2273,0.9255,0.6614,0.5181
Dharwad,Dharwad,Kalakeri,0.1987,1,0.6998,0.5181
Chikkamagaluru,Narasimharajapura,Honnekudige ( Hanthuvine),0.2075,1,0.67,0.5181
Shivamogga,Shivamogga,Koteganguru,0.1994,1,0.6971,0.518
Shivamogga,Tirthahalli,Hunchadakatte,0.1954,1,0.7114,0.518
Mysuru,Nanjangud,Kurihundi,0.2144,1,0.6479,0.5179
Shivamogga,Tirthahalli,Arehalli,0.1952,1,0.7113,0.5178
Bengaluru Rural,Hosakote,Giddappanahalli,0.2019,1,0.6879,0.5178
Uttara Kannada,Honavar,Nagarbastikeri,0.1909,1,0.7273,0.5178
Bengaluru Rural,Nelamangala,T.Begur,0.1959,0.9758,0.7258,0.5177
Hassan,Hassan,B.Katihalli,0.2079,0.9758,0.6837,0.5176
Mandya,Malavalli,Kirugavalu,0.2174,0.951,0.6705,0.5176
Shivamogga,Tirthahalli,Harogulige,0.193,1,0.7182,0.5176
Koppal,Koppal,Agalakera,0.1917,0.9758,0.7411,0.5175
Chikkamagaluru,Chikkamagaluru,Vasthare,0.2005,0.9758,0.708,0.5174
Shivamogga,Tirthahalli,Basavani,0.1896,1,0.7305,0.5174
Uttara Kannada,Mundgod,Kattur,0.2125,1,0.6517,0.5174
Shivamogga,Shivamogga,Mandagatta,0.1867,1,0.7416,0.5173
Dakshina Kannada,Puttur,Nidpalli,0.2003,1,0.6911,0.5173
Chikkamagaluru,Chikkamagaluru,Mailimane,0.1866,1,0.7417,0.5172
Chikkamagaluru,Chikkamagaluru,Thalihalla,0.1871,1,0.7391,0.5172
Kodagu,Somvarpet,Gowdalli,0.2014,0.9255,0.7417,0.5171
Shivamogga,Bhadravati,Antharagange,0.2099,0.951,0.6925,0.517
Shivamogga,Bhadravati,Karehalli,0.2278,1,0.6067,0.517
Mysuru,Krishnarajanagara,Arjunahalli,0.2017,1,0.6849,0.5169
Chikkamagaluru,Tarikere,Bhavikere,0.1887,1,0.7318,0.5169
Shivamogga,Hosanagara,Chikkajeni,0.1749,1,0.789,0.5167
Shivamogga,Sagar,Avinahalli,0.2045,1,0.6747,0.5167
Dakshina Kannada,Puttur,Aithuru,0.1989,1,0.6935,0.5167
Dharwad,Dharwad,Shivalli,0.2061,1,0.669,0.5166
Mysuru,Mysuru,Vajamangala,0.2173,1,0.6339,0.5164
Shivamogga,Shivamogga,Ayanuru-I,0.2033,1,0.6774,0.5164
Chikkamagaluru,Mudigere,Chinniga,0.1868,1,0.7373,0.5164
Chikkamagaluru,Tarikere,Udeva,0.1831,0.9758,0.7705,0.5164
Bengaluru Rural,Dod Ballapur,Heggadihalli,0.1943,0.951,0.7451,0.5163
Shivamogga,Hosanagara,Mumbaru,0.1744,1,0.789,0.5162
Bengaluru Rural,Dod Ballapur,Honnavara,0.205,0.9758,0.6879,0.5162
Shivamogga,Hosanagara,Nagara,0.1742,1,0.789,0.5161
Belagavi,Gokak,Dhupadal,0.2047,0.9255,0.7252,0.516
Uttara Kannada,Karwar,Gotegali,0.187,1,0.7343,0.5159
Mysuru,Mysuru,Doora,0.2305,1,0.5953,0.5158
Haveri,Hirekerur,Rattihalli,0.1824,0.9758,0.7708,0.5158
Bengaluru Rural,Dod Ballapur,Rajaghatta,0.222,1,0.6179,0.5157
Shivamogga,Bhadravati,Agaradahalli,0.2213,1,0.6198,0.5157
Davanagere,Honnali,Arakere,0.1795,0.9758,0.7831,0.5157
Uttara Kannada,Karwar,Kadwad,0.2007,1,0.6834,0.5157
Shivamogga,Bhadravati,Kambadalu Hosuru,0.1925,1,0.7122,0.5157
Davanagere,Honnali,Benakanahalli,0.1787,1,0.7674,0.5156
Uttara Kannada,Ankola,Hillur,0.1863,0.9758,0.754,0.5156
Kodagu,Madikeri,Ballamavati,0.2104,0.8359,0.7793,0.5156
Mandya,Mandya,Soonagahalli,0.1936,1,0.708,0.5156
Mandya,Shrirangapattana,Mahadevapura,0.2168,1,0.6319,0.5155
Kodagu,Virajpet,Hosur,0.2087,1,0.6564,0.5155
Chikkamagaluru,Narasimharajapura,Bannur,0.1936,0.9758,0.725,0.5154
Dakshina Kannada,Beltangadi,Hosangady,0.2062,0.951,0.6985,0.5154
Shivamogga,Shivamogga,Bidare,0.1886,1,0.7253,0.5153
Mysuru,Mysuru,Koorgalli,0.1947,0.9758,0.7202,0.5153
Shivamogga,Shivamogga,Kommanalu,0.2017,0.951,0.7129,0.5152
Uttara Kannada,Sirsi,Dodnalli,0.1741,1,0.7856,0.5152
Uttara Kannada,Honavar,Kudrigi,0.1975,0.9758,0.7093,0.5152
Chikkamagaluru,Kadur,Tangali,0.1898,0.9758,0.7384,0.5152
Shivamogga,Sorab,Chitturu,0.1835,1,0.7448,0.5151
Chikkamagaluru,Mudigere,Gonibeedu,0.2106,0.9758,0.6653,0.5151
Uttara Kannada,Siddapur,Wajgod,0.1882,1,0.7261,0.5151
Bengaluru Rural,Dod Ballapur,Melina Joganahalli ( S.S.Ghati),0.1949,0.9758,0.7183,0.515
Chikkamagaluru,Tarikere,Lakkavalli,0.196,1,0.6966,0.5149
Kodagu,Madikeri,Bhagamandala,0.1839,0.9758,0.7607,0.5149
Haveri,Shiggaon,Hulgur,0.1966,0.9758,0.7115,0.5149
Shivamogga,Sorab,Andige,0.1918,0.9758,0.7294,0.5149
Mandya,Mandya,Ummadahalli,0.2171,1,0.6288,0.5149
Shivamogga,Tirthahalli,Bhandya-Kukke,0.1921,1,0.7104,0.5149
Dharwad,Hubli,Agadi,0.1881,1,0.7257,0.5149
Dharwad,Dharwad,Yerikoppa,0.2062,1,0.6618,0.5149
Udupi,Kundapura,Hemmadi,0.2095,1,0.6514,0.5148
Mandya,Shrirangapattana,Hulikere,0.2224,0.9255,0.6629,0.5148
Mandya,Mandya,Tubinakere (Yelechakanahalli),0.2068,0.951,0.6938,0.5148
Shivamogga,Tirthahalli,Triambakapura,0.1864,1,0.7316,0.5148
Mysuru,Mysuru,Alanahalli,0.2124,0.951,0.6753,0.5147
Chikkamagaluru,Sringeri,Menase,0.1841,1,0.7398,0.5146
Uttara Kannada,Haliyal,Alur,0.1727,1,0.7876,0.5143
Bengaluru Rural,Hosakote,Orohalli,0.1915,1,0.7104,0.5143
Uttara Kannada,Haliyal,Havagi,0.2189,1,0.6211,0.5142
Mandya,Maddur,Annuru,0.2029,0.9758,0.6865,0.5142
Uttara Kannada,Yellapur,Kundargi,0.178,0.9758,0.7826,0.5141
Chikkamagaluru,Chikkamagaluru,Sindigere,0.1881,1,0.7225,0.5141
Dakshina Kannada,Beltangadi,Neriya,0.199,0.951,0.7179,0.5141
Mysuru,Krishnarajanagara,Hebbalu,0.2165,1,0.6272,0.514
Davanagere,Davanagere,Attigere,0.1938,1,0.7007,0.514
Mysuru,Tirumakudal -,Benakanahalli,0.2096,0.9758,0.6636,0.5139
Bengaluru Rural,Hosakote,Hettakki,0.2016,0.9758,0.6899,0.5139
Dharwad,Hubli,Byahatti,0.2133,1,0.6362,0.5139
Uttara Kannada,Honavar,Manki-B(Ananthawadi),0.1974,1,0.6875,0.5138
Kodagu,Madikeri,Arekadu (Hoskeri),0.2217,0.8578,0.7128,0.5137
Shivamogga,Tirthahalli,Bejjavalli,0.1841,1,0.736,0.5136
Mysuru,Hunsur,Kademanuganahalli,0.2067,0.9758,0.6717,0.5136
Chikkamagaluru,Kadur,Kadurhalli,0.2015,0.9255,0.7262,0.5136
Kodagu,Madikeri,Makkandur,0.1774,1,0.7628,0.5134
Kodagu,Virajpet,Birunani,0.1965,1,0.6884,0.5133
Ramanagara,Ramanagara,Hulikeregunnur(Averhalli),0.2032,1,0.6654,0.5133
Davanagere,Jagalur,Donnehalli,0.1944,0.9758,0.7128,0.5132
Kodagu,Somvarpet,Tholur Shettalli,0.1733,1,0.7798,0.5132
Mysuru,Nanjangud,Nagarle,0.1988,0.9758,0.6962,0.5131
Uttara Kannada,Haliyal,Yadoga,0.2074,1,0.6504,0.5129
Uttara Kannada,Kumta,Walgalli,0.1756,1,0.7684,0.5129
Uttara Kannada,Honavar,Kadle,0.1859,1,0.7256,0.5129
Uttara Kannada,Siddapur,Kolsirsi,0.1767,1,0.763,0.5128
Chikkamagaluru,Chikkamagaluru,Indavara,0.2173,0.9255,0.6704,0.5128
Mysuru,Mysuru,Marballi,0.1961,0.9255,0.743,0.5128
Shivamogga,Hosanagara,Koduru,0.1709,1,0.789,0.5127
Dakshina Kannada,Beltangadi,Nidle,0.2026,0.951,0.6994,0.5127
Shivamogga,Shivamogga,Santhekaduru,0.2041,1,0.6603,0.5127
Chikkamagaluru,Narasimharajapura,Kadahinabylu,0.1913,1,0.7041,0.5126
Uttara Kannada,Sirsi,Sugavi,0.1881,1,0.7159,0.5126
Belagavi,Chikkodi,Kothali,0.1854,1,0.7262,0.5126
Udupi,Kundapura,Keduru,0.2222,0.8578,0.706,0.5124
Shivamogga,Shivamogga,Agasavalli,0.1949,1,0.6895,0.5122
Dharwad,Dharwad,Kadabagatti,0.2138,1,0.6285,0.5122
Haveri,Hirekerur,Hiremoraba,0.18,1,0.7461,0.5121
